{"2500 REGENT St": [37.865095, -122.257927], "2800 SHATTUCK Ave": [37.861826999299524, -122.26718702161187], "2600 TELEGRAPH Ave": [37.8629313, -122.25898369389313], "2400 CARLETON St": [37.862111, -122.259987], "2000 4TH St": [37.867328, -122.29993], "2900 COLLEGE Ave": [37.8583459, -122.2533348], "1400 UNIVERSITY Ave": [37.87002, -122.28414], "ACTON St & UNIVERSITY Ave": [37.8701898, -122.2846221], "UNIVERSITY Ave & ACTON St": [37.8701898, -122.2846221], "1400 ADDISON St": [37.8689567, -122.28395420937719], "FAIRVIEW St & ADELINE St": [37.8509904, -122.2704937], "1200 10TH St": [37.8817836, -122.29779407362959], "1000 GILMAN St": [37.879926, -122.297873], "TELEGRAPH Ave & DURANT Ave": [37.8678112, -122.2586445], "2700 BANCROFT WAY": [37.86907978571429, -122.25707242207793], "SHATTUCK Ave & ADDISON St": [37.8710537, -122.2676235], "2500 HILLEGASS Ave": [37.8651495, -122.25668497551395], "1800 UNIVERSITY Ave": [37.87100455, -122.2748462953419], "1600 FAIRVIEW St": [37.8498165, -122.27597166515547], "3100 SHATTUCK Ave": [37.8529439, -122.26645512201492], "2200 SUMMER St": [37.88509, -122.266321], "2100 SHATTUCK Ave": [37.871048, -122.26838], "2800 PRINCE St": [37.854857800000005, -122.25022375111317], "1900 4TH St": [37.86875, -122.300391], "1900 6TH St": [37.86900395, -122.29851398527731], "900 CAMELIA St": [37.877749, -122.299601], "2700 DURANT Ave": [37.868321, -122.253843], "2000 SHATTUCK Ave": [37.871882799999995, -122.26871640240373], "BERKELEY WAY & MARTIN LUTHER KING JR WAY": [37.8692499, -122.27332492554746], "2100 ALLSTON WAY": [37.86936, -122.267723], "ALLSTON WAY & SHATTUCK Ave": [37.8695007, -122.2676474], "SHATTUCK Ave & ALLSTON WAY": [37.869507, -122.2681162], "2200 SHATTUCK Ave": [37.869217, -122.268295], "2100 KITTREDGE St": [37.868469, -122.267657], "2000 FRANCISCO St": [37.875281, -122.271002], "1900 ALLSTON WAY": [37.868729, -122.272494], "2100 MARTIN LUTHER KING JR WAY": [37.870176, -122.27333644126563], "COLLEGE Ave & ALCATRAZ Ave": [37.8509305, -122.252566], "3100 COLLEGE Ave": [37.8536676, -122.2529709291869], "3300 ADELINE St": [37.8485699, -122.271848], "2000 MILVIA St": [37.8716426, -122.2709079], "1900 ADDISON St": [37.87047955, -122.2725642888082], "1600 OREGON St": [37.856265, -122.277297], "DELAWARE St & SAN PABLO Ave": [37.871763, -122.2931474], "1800 HEARST Ave": [37.872957, -122.275295], "1100 DELAWARE St": [37.871637, -122.292743], "2200 DWIGHT WAY": [37.864203, -122.265107], "2400 WOOLSEY St": [37.853119, -122.258207], "3000 COLBY St": [37.8551619, -122.25798331090807], "1300 SAN PABLO Ave": [37.8801514, -122.29609342846656], "1300 10TH St": [37.8800546, -122.297094], "1700 4TH St": [37.86685156408103, -122.29965073955559], "2500 DURANT Ave": [37.86865573571866, -122.2524375551092], "1900 UNIVERSITY Ave": [37.8714509, -122.2728013], "2800 MARTIN LUTHER KING JR WAY": [37.85781215, -122.27178102519643], "1900 SAN PABLO Ave": [37.870279, -122.2927], "1900 HEARST Ave": [37.873299, -122.273016], "1900 BONITA Ave": [37.873327, -122.272172], "1900 RUSSELL St": [37.856092, -122.271112], "2400 DURANT Ave": [37.8671503, -122.26036874767969], "2300 TELEGRAPH Ave": [37.868583, -122.259269], "600 CEDAR St": [37.8725682, -122.30406553862959], "2000 CENTER St": [37.8698089, -122.2703141], "SHATTUCK Ave & CENTER St": [37.8703132, -122.2686169], "2100 MILVIA St": [37.870747, -122.270762], "UNIVERSITY Ave & MARTIN LUTHER KING JR WAY": [37.8714903, -122.272669], "1400 SHATTUCK Ave": [37.8818145, -122.2698557257331], "1600 SAN PABLO Ave": [37.87469, -122.294164], "2400 7TH St": [37.861817, -122.294721], "1000 UNIVERSITY Ave": [37.8684887, -122.29413767038236], "UNIVERSITY Ave & 9TH St": [37.8685999, -122.294078], "2500 STUART St": [37.859699, -122.256927], "1800 SOLANO Ave": [37.89104775, -122.28006333206605], "2000 CHANNING WAY": [37.86535365, -122.2698115], "1900 HASTE St": [37.864226, -122.272026], "2100 CENTER St": [37.870303, -122.267636], "2100 OXFORD St": [37.87046, -122.266062], "1900 DWIGHT WAY": [37.863298, -122.271908], "1200 SAN PABLO Ave": [37.8819407, -122.29671691531125], "UNIVERSITY Ave & SAN PABLO Ave": [37.8691362, -122.2925548], "SAN PABLO Ave & UNIVERSITY Ave": [37.869467, -122.2921181], "2000 SAN PABLO Ave": [37.86884185, -122.2923971], "1200 ADDISON St": [37.868566, -122.288153], "PARKER St & TELEGRAPH Ave": [37.8629168, -122.2588823], "1900 ASHBY Ave": [37.854227, -122.270889], "2000 UNIVERSITY Ave": [37.87167005, -122.27053686152368], "2400 ASHBY Ave": [37.85512812375717, -122.26715324119778], "2400 8TH St": [37.862039, -122.29361], "2500 BANCROFT WAY": [37.86866, -122.259026], "2500 MILVIA St": [37.86335565, -122.27032778458805], "1900 PARKER St": [37.8613917, -122.27168999519279], "2300 SHATTUCK Ave": [37.867409, -122.268089], "2000 KITTREDGE St": [37.867876100000004, -122.27010073361963], "2900 BENVENUE Ave": [37.8581621, -122.25467860379392], "CHANNING WAY & TELEGRAPH Ave": [37.8667729, -122.2594314], "2300 BLAKE St": [37.863605, -122.262643], "2400 TELEGRAPH Ave": [37.8668117, -122.2589266], "2300 PARKER St": [37.862706, -122.262487], "3000 TELEGRAPH Ave": [37.855508, -122.26047058942949], "2200 BONAR St": [37.866843, -122.287057], "DWIGHT WAY & TELEGRAPH Ave": [37.86455, -122.2586656], "DURANT Ave & SHATTUCK Ave": [37.866695, -122.2671512], "2400 PROSPECT St": [37.867606, -122.249992], "2900 MABEL St": [37.853903450000004, -122.28424985000001], "1400 EASTSHORE Hwy": [37.87643785084893, -122.30617426510763], "1500 RUSSELL St": [37.854884, -122.279178], "1500 SHATTUCK Ave": [37.8800649, -122.2694799], "3000 BENVENUE Ave": [37.855816, -122.254099], "1200 ASHBY Ave": [37.851810568251764, -122.28785166983802], "2700 COLLEGE Ave": [37.861653849999996, -122.25376156295971], "2600 DURANT Ave": [37.867924200000004, -122.25631195016607], "2900 TELEGRAPH Ave": [37.8574763, -122.25980434935553], "1300 NORTHSIDE Ave": [37.880974, -122.288927], "800 GRAYSON St": [37.85461315, -122.29418220224872], "3200 COLLEGE Ave": [37.850911, -122.252617], "1200 CHANNING WAY": [37.862971650000006, -122.28806116384345], "2000 DWIGHT WAY": [37.8635794, -122.2697331], "2000 ADDISON St": [37.870817, -122.270502], "1500 EASTSHORE Hwy": [37.868272862364876, -122.30379610163773], "800 CARLETON St": [37.856384, -122.294986], "1900 CENTER St": [37.86978716660435, -122.27132734612178], "UNIVERSITY Ave & SACRAMENTO St": [37.8703678, -122.2813466], "RUSSELL St & MARTIN LUTHER KING JR WAY": [37.85637, -122.2712064], "2900 MARTIN LUTHER KING JR WAY": [37.85594225, -122.27156653131709], "900 UNIVERSITY Ave": [37.868336, -122.295355], "1500 SAN PABLO Ave": [37.8758558, -122.29504757466847], "2500 WARRING St": [37.865246, -122.250558], "800 DWIGHT CRES": [37.860746, -122.295445], "1200 5TH St": [37.880742, -122.303139], "900 HARRISON St": [37.881277, -122.300776], "1400 WALNUT St": [37.881963850000005, -122.26807508301779], "900 HEINZ Ave": [37.85353, -122.291386], "2300 DWIGHT WAY": [37.864484, -122.262825], "2500 DANA St": [37.86463195, -122.26097800446999], "900 MURRAY St": [37.85108710969421, -122.28971149178038], "3000 SAN PABLO Ave": [37.85184875, -122.28700487432232], "1000 FOLGER Ave": [37.849915799173196, -122.29117349821895], "2300 WARRING St": [37.86908205, -122.25114696746516], "2200 PROSPECT St": [37.869217, -122.250306], "2500 PIEDMONT Ave": [37.865758, -122.251745], "1500 ALCATRAZ Ave": [37.848026, -122.27598], "2100 ADDISON St": [37.870952299330256, -122.26945445950528], "1300 9TH St": [37.879815, -122.2982], "2200 ASHBY Ave": [37.85512021305751, -122.26721087629528], "1600 UNIVERSITY Ave": [37.87046705, -122.27955697684614], "2000 HASTE St": [37.864598, -122.26911], "2800 7TH St": [37.8550343, -122.29276662093999], "700 HEINZ Ave": [37.8522916, -122.2951564], "2300 WOOLSEY St": [37.8525762, -122.2616461307867], "2300 MCKINLEY Ave": [37.866719, -122.273746], "1900 SHATTUCK Ave": [37.8736702, -122.26889985302483], "BERKELEY WAY & SHATTUCK Ave": [37.87042704674799, -122.2677729756548],